{"name":"9d507483-566b-4d7c-b989-c49d38dec59a","id":"/providers/Microsoft.Flow/flows/9d507483-566b-4d7c-b989-c49d38dec59a","type":"Microsoft.Flow/flows","properties":{"apiId":"/providers/Microsoft.PowerApps/apis/shared_logicflows","displayName":"StartScheduledSIDs","definition":{"metadata":{"workflowEntityId":null,"flowclientsuspensionreason":"None","flowclientsuspensiontime":null,"creator":{"id":"d8ee58b4-901d-426e-8529-79fb13575fe0","type":"User","tenantId":"72f988bf-86f1-41af-91ab-2d7cd011db47"},"provisioningMethod":"FromDefinition","failureAlertSubscription":true,"clientLastModifiedTime":"2021-02-24T08:36:52.4367157Z"},"$schema":"https://schema.management.azure.com/providers/Microsoft.Logic/schemas/2016-06-01/workflowdefinition.json#","contentVersion":"1.0.0.0","parameters":{"$connections":{"defaultValue":{},"type":"Object"},"$authentication":{"defaultValue":{},"type":"SecureObject"}},"triggers":{"Recurrence":{"recurrence":{"frequency":"Minute","interval":10,"timeZone":"UTC","startTime":"2021-02-07T09:05:00.000Z"},"type":"Recurrence"}},"actions":{"Current_time":{"runAfter":{},"type":"Expression","kind":"CurrentTime","inputs":{}},"Get_calendar_view_of_events_(V3)":{"runAfter":{"Get_PowerApp_config":["Succeeded"]},"type":"OpenApiConnection","inputs":{"host":{"apiId":"/providers/Microsoft.PowerApps/apis/shared_office365","connectionName":"shared_office365","operationId":"GetEventsCalendarViewV3"},"parameters":{"calendarId":"@body('Get_PowerApp_config')?['o365calendarId']","startDateTimeUtc":"@body('start_filter_window')","endDateTimeUtc":"@body('end_filter_window')"},"authentication":"@parameters('$authentication')"}},"start_filter_window":{"runAfter":{"Current_time":["Succeeded"]},"type":"Expression","kind":"AddToTime","inputs":{"baseTime":"@body('Current_time')","interval":-12,"timeUnit":"Hour"}},"end_filter_window":{"runAfter":{"start_filter_window":["Succeeded"]},"type":"Expression","kind":"AddToTime","inputs":{"baseTime":"@body('Current_time')","interval":12,"timeUnit":"Hour"}},"Apply_to_each":{"foreach":"@outputs('Get_calendar_view_of_events_(V3)')?['body/value']","actions":{"Is_System_currently_running":{"actions":{},"runAfter":{"Get_entities":["Succeeded"]},"else":{"actions":{"start_with_15m_buffer":{"runAfter":{},"type":"Expression","kind":"SubtractFromTime","inputs":{"baseTime":"@items('Apply_to_each')?['startWithTimeZone']","interval":15,"timeUnit":"Minute"}},"Condition":{"actions":{"Insert_or_Merge_Entity":{"runAfter":{"Execute_Start_job":["Succeeded"]},"type":"OpenApiConnection","inputs":{"host":{"apiId":"/providers/Microsoft.PowerApps/apis/shared_azuretables","connectionName":"shared_azuretables_1","operationId":"InsertMergeEntity"},"parameters":{"tableName":"powerappautomationjobtracker","PartitionKey":"@variables('SID')","RowKey":"stoptime","entity":{"time":"@{items('Apply_to_each')?['endWithTimeZone']}"}},"authentication":"@parameters('$authentication')"}},"Post_a_message_as_the_Flow_bot_to_a_user":{"runAfter":{"Insert_or_Merge_Entity":["Succeeded"]},"type":"OpenApiConnection","inputs":{"host":{"apiId":"/providers/Microsoft.PowerApps/apis/shared_teams","connectionName":"shared_teams","operationId":"PostUserNotification"},"parameters":{"PostNotificationRequest/recipient/to":"@{outputs('Get_user')?['body/value']?[0]?['user']};","PostNotificationRequest/messageBody":"You will be all set in a couple of minutes","PostNotificationRequest/messageTitle":"@{variables('SID')} start initiated!"},"authentication":"@parameters('$authentication')"}},"Execute_Start_job":{"runAfter":{"Generate_GUID":["Succeeded"]},"type":"Http","inputs":{"method":"PUT","uri":"https://management.azure.com/subscriptions/@{body('Get_PowerApp_config')?['subscription']}/resourceGroups/@{body('Get_PowerApp_config')?['automation-rg']}/providers/Microsoft.Automation/automationAccounts/@{body('Get_PowerApp_config')?['automation-account-name']}/jobs/Start-SAPSystem-@{outputs('Generate_GUID')}","headers":{"Authorization":"Bearer @{body('Parse_JSON_2')?['access_token']}"},"queries":{"api-version":"2019-06-01"},"body":{"properties":{"runbook":{"name":"Start-SAPSystem"},"parameters":{"SAPSID":"@{variables('SID')}"},"runOn":""}}}},"Parse_JSON_2":{"runAfter":{"Get_Bearer_Token_from_AAD":["Succeeded"]},"type":"ParseJson","inputs":{"content":"@body('Get_Bearer_Token_from_AAD')","schema":{"type":"object","properties":{"token_type":{"type":"string"},"expires_in":{"type":"string"},"ext_expires_in":{"type":"string"},"expires_on":{"type":"string"},"not_before":{"type":"string"},"resource":{"type":"string"},"access_token":{"type":"string"}}}}},"Generate_GUID":{"runAfter":{"Parse_JSON_2":["Succeeded"]},"type":"Compose","inputs":"@guid()"},"Get_Bearer_Token_from_AAD":{"runAfter":{},"type":"Http","inputs":{"method":"POST","uri":"https://login.microsoftonline.com/@{body('Get_PowerApp_config')?['aad-tenant-id']}/oauth2/token","headers":{"Content-Type":"application/x-www-form-urlencoded"},"body":"grant_type=client_credentials&client_id=@{body('Get_PowerApp_config')?['sp-client-id']}&client_secret=@{body('Get_PowerApp_config')?['sp-client-secret']}&resource=https://management.azure.com/"}}},"runAfter":{"start_with_15m_buffer":["Succeeded"]},"expression":{"and":[{"greaterOrEquals":["@body('Current_time')","@body('start_with_15m_buffer')"]},{"less":["@body('Current_time')","@items('Apply_to_each')?['endWithTimeZone']"]}]},"type":"If"}}},"expression":{"greater":["@length(outputs('Get_entities')?['body/value'])",0]},"type":"If"},"Set_variable":{"runAfter":{},"type":"SetVariable","inputs":{"name":"SID","value":"@{substring(items('Apply_to_each')?['subject'],0,indexOf(items('Apply_to_each')?['subject'],':'))}"}},"Get_entities":{"runAfter":{"Get_user":["Succeeded"]},"type":"OpenApiConnection","inputs":{"host":{"apiId":"/providers/Microsoft.PowerApps/apis/shared_azuretables","connectionName":"shared_azuretables_1","operationId":"GetEntities"},"parameters":{"tableName":"powerappautomationjobtracker","$filter":"PartitionKey eq '@{variables('SID')}' and RowKey eq 'stoptime'","$select":"PartitionKey,stoptime"},"authentication":"@parameters('$authentication')"}},"Get_user":{"runAfter":{"Set_variable":["Succeeded"]},"type":"OpenApiConnection","inputs":{"host":{"apiId":"/providers/Microsoft.PowerApps/apis/shared_azuretables","connectionName":"shared_azuretables_1","operationId":"GetEntities"},"parameters":{"tableName":"powerappautomationjobtracker","$filter":"PartitionKey eq '@{variables('SID')}' and RowKey eq 'user'","$select":"PartitionKey,user"},"authentication":"@parameters('$authentication')"}}},"runAfter":{"Get_calendar_view_of_events_(V3)":["Succeeded"]},"type":"Foreach"},"SID_from_event_subject":{"runAfter":{"end_filter_window":["Succeeded"]},"type":"InitializeVariable","inputs":{"variables":[{"name":"SID","type":"string"}]}},"Get_PowerApp_config":{"runAfter":{"SID_from_event_subject":["Succeeded"]},"type":"Http","inputs":{"method":"GET","uri":"https://<<<your logic app url>>>","headers":{"Content-Type":"application/json"}}}}},"connectionReferences":{"shared_office365":{"connectionName":"38f2c56f0fd544c09902c45e303b3f57","source":"Embedded","id":"/providers/Microsoft.PowerApps/apis/shared_office365","tier":"NotSpecified"},"shared_azuretables_1":{"connectionName":"shared-azuretables-33f02f61-7db5-4f99-9a4f-7455-414f596d","source":"Embedded","id":"/providers/Microsoft.PowerApps/apis/shared_azuretables","tier":"NotSpecified"},"shared_teams":{"connectionName":"shared-teams-fbff91bf-957d-4c09-b736-b58d-e2c65f31","source":"Embedded","id":"/providers/Microsoft.PowerApps/apis/shared_teams","tier":"NotSpecified"}},"flowFailureAlertSubscribed":false}}