{"name":"1aa56b21-d905-4f0f-8196-e1127e877d75","id":"/providers/Microsoft.Flow/flows/1aa56b21-d905-4f0f-8196-e1127e877d75","type":"Microsoft.Flow/flows","properties":{"apiId":"/providers/Microsoft.PowerApps/apis/shared_logicflows","displayName":"CheckStatusOfSAPBySID","definition":{"metadata":{"workflowEntityId":null,"flowclientsuspensionreason":"None","flowclientsuspensiontime":null,"creator":{"id":"d8ee58b4-901d-426e-8529-79fb13575fe0","type":"User","tenantId":"72f988bf-86f1-41af-91ab-2d7cd011db47"},"provisioningMethod":"FromDefinition","failureAlertSubscription":true,"clientLastModifiedTime":"2021-02-09T13:55:41.5709725Z"},"$schema":"https://schema.management.azure.com/providers/Microsoft.Logic/schemas/2016-06-01/workflowdefinition.json#","contentVersion":"1.0.0.0","parameters":{"$connections":{"defaultValue":{},"type":"Object"},"$authentication":{"defaultValue":{},"type":"SecureObject"}},"triggers":{"manual":{"type":"Request","kind":"PowerApp","inputs":{"schema":{"type":"object","properties":{"GetstoredpropertiesforSAPSID_FilterQuery":{"type":"string","description":"OData filter query for which entities to return. Example: Column eq 'Value' and Column2 ne 2. Invalid OData queries, such as not wrapping string values in quotes will return 501.. This parameter is used as part of \"38537CD0-F8D4-4B00-B9E0-56897A741664\"","x-ms-powerflows-param-ispartial":true},"Initializesubscription_Value":{"type":"string","description":"Enter initial value","x-ms-powerflows-param-ispartial":false},"InitializeSAPVMName_Value":{"type":"string","description":"Enter initial value","x-ms-powerflows-param-ispartial":false}},"required":["GetstoredpropertiesforSAPSID_FilterQuery","Initializesubscription_Value","InitializeSAPVMName_Value"]}}}},"actions":{"Get_stored_properties_for_SAP_SID":{"runAfter":{},"type":"OpenApiConnection","inputs":{"host":{"apiId":"/providers/Microsoft.PowerApps/apis/shared_azuretables","connectionName":"shared_azuretables_1","operationId":"GetEntities"},"parameters":{"tableName":"powerappautomationjobtracker","$filter":"PartitionKey eq '@{triggerBody()['GetstoredpropertiesforSAPSID_FilterQuery']}' and RowKey eq 'user'","$select":"PartitionKey,user"},"authentication":{"value":"@json(decodeBase64(triggerOutputs().headers['X-MS-APIM-Tokens']))['$ConnectionKey']","type":"Raw"}}},"Initialize_user":{"runAfter":{"Do_values_exist":["Succeeded"]},"type":"InitializeVariable","inputs":{"variables":[{"name":"userName","type":"string","value":"@{split(outputs('Get_stored_properties_for_SAP_SID')?['body/value']?[0]?['user'],'@')?[0]}"}]}},"Initialize_time":{"runAfter":{"Initialize_user":["Succeeded"]},"type":"InitializeVariable","inputs":{"variables":[{"name":"timeLeft","type":"string","value":"unknown"}]}},"Initialize_VM_state_variable":{"runAfter":{"Initialize_SAP_VM_Name":["Succeeded"]},"type":"InitializeVariable","inputs":{"variables":[{"name":"status","type":"string","value":"unknown"}]}},"Initialize_icf_state_variable":{"runAfter":{"Initialize_VM_state_variable":["Succeeded"]},"type":"InitializeVariable","inputs":{"variables":[{"name":"SAP-ICF-Status","type":"string","value":"Not available"}]}},"Initialize_SAP_VM_Name":{"runAfter":{"Initialize_subscription":["Succeeded"]},"type":"InitializeVariable","inputs":{"variables":[{"name":"SAPVMName","type":"string","value":"@{triggerBody()['InitializeSAPVMName_Value']}"}]}},"Initialize_subscription":{"runAfter":{"Initialize_time":["Succeeded"]},"type":"InitializeVariable","inputs":{"variables":[{"name":"subscription","type":"string","value":"@{triggerBody()['Initializesubscription_Value']}"}]}},"Respond_to_a_PowerApp_or_flow":{"runAfter":{"Condition_2":["Succeeded"]},"type":"Response","kind":"PowerApp","inputs":{"statusCode":200,"body":{"vm_state":"@variables('status')","icf_state":"@variables('SAP-ICF-Status')","user":"@variables('userName')","time":"@variables('timeLeft')"},"schema":{"type":"object","properties":{"vm_state":{"title":"vm_state","x-ms-dynamically-added":true,"type":"string"},"icf_state":{"title":"icf_state","x-ms-dynamically-added":true,"type":"string"},"user":{"title":"user","x-ms-dynamically-added":true,"type":"string"},"time":{"title":"time","x-ms-dynamically-added":true,"type":"string"}}}}},"Condition_2":{"actions":{"Set_variable_2":{"runAfter":{},"type":"SetVariable","inputs":{"name":"SAP-ICF-Status","value":"SAP available"}}},"runAfter":{"Check_SAP_ICF_node":["Succeeded"]},"expression":{"contains":["@body('Check_SAP_ICF_node')","Server reached."]},"type":"If"},"Respond_to_a_PowerApp_or_flow_3":{"runAfter":{"Check_SAP_ICF_node":["Failed","Skipped","TimedOut"]},"type":"Response","kind":"PowerApp","inputs":{"statusCode":200,"body":{"vm_state":"@variables('status')","icf_state":"@variables('SAP-ICF-Status')","user":"@variables('userName')","time":"@variables('timeLeft')"},"schema":{"type":"object","properties":{"vm_state":{"title":"vm_state","x-ms-dynamically-added":true,"type":"string"},"icf_state":{"title":"icf_state","x-ms-dynamically-added":true,"type":"string"},"user":{"title":"user","x-ms-dynamically-added":true,"type":"string"},"time":{"title":"time","x-ms-dynamically-added":true,"type":"string"}}}}},"Terminate":{"runAfter":{"Respond_to_a_PowerApp_or_flow_3":["Succeeded"]},"type":"Terminate","inputs":{"runStatus":"Succeeded"}},"Check_SAP_ICF_node":{"runAfter":{"Apply_to_each":["Succeeded"]},"type":"Http","inputs":{"method":"GET","uri":"http://<<<your public app gw ip>>>:<<<your app gw listner port>>>/@{variables('SAPVMName')}","retryPolicy":{"type":"none"}}},"Apply_to_each":{"foreach":"@body('Parse_JSON')?['statuses']","actions":{"Condition":{"actions":{"Set_variable":{"runAfter":{},"type":"SetVariable","inputs":{"name":"status","value":"VM @{split(items('Apply_to_each')?['code'],'/')?[1]}"}}},"runAfter":{},"expression":{"contains":["@items('Apply_to_each')?['code']","PowerState"]},"type":"If"}},"runAfter":{"Parse_JSON":["Succeeded"]},"type":"Foreach"},"Parse_JSON":{"runAfter":{"Get_VM_state_from_ARM":["Succeeded"]},"type":"ParseJson","inputs":{"content":"@body('Get_VM_state_from_ARM')","schema":{"type":"object","properties":{"statuses":{"type":"array","items":{"type":"object","properties":{"code":{"type":"string"},"level":{"type":"string"},"displayStatus":{"type":"string"},"time":{"type":"string"}},"required":["code","level","displayStatus"]}}}}}},"Get_VM_state_from_ARM":{"runAfter":{"Parse_JSON_3":["Succeeded"]},"type":"Http","inputs":{"method":"GET","uri":"https://management.azure.com@{outputs('Parse_JSON_3')?['body/value'][0]?['id']}/instanceView?api-version=2020-06-01","headers":{"Authorization":"Bearer @{body('Parse_JSON_2')?['access_token']}"},"queries":{"api-version":"2020-06-01"}}},"Parse_JSON_3":{"runAfter":{"Get_VM_properties":["Succeeded"]},"type":"ParseJson","inputs":{"content":"@body('Get_VM_properties')","schema":{"type":"object","properties":{"value":{"type":"array","items":{"type":"object","properties":{"id":{"type":"string"},"name":{"type":"string"},"type":{"type":"string"},"location":{"type":"string"},"tags":{"type":"object","properties":{"SAPSystemSID":{"type":"string"},"SAPApplicationInstanceNumber":{"type":"string"},"SAPHANASID":{"type":"string"},"SAPDBMSType":{"type":"string"},"SAPApplicationInstanceType":{"type":"string"},"SAPHANAINstanceNumber":{"type":"string"}}}},"required":["id","name","type","location","tags"]}}}}}},"Get_VM_properties":{"runAfter":{"Parse_JSON_2":["Succeeded"]},"type":"Http","inputs":{"method":"GET","uri":"https://management.azure.com/subscriptions/@{variables('subscription')}/resources","headers":{"Authorization":"Bearer @{body('Parse_JSON_2')?['access_token']}"},"queries":{"api-version":"2020-06-01","$filter":"resourceType eq 'Microsoft.Compute/virtualMachines' and name eq '@{variables('SAPVMName')}'"}}},"Parse_JSON_2":{"runAfter":{"Get_Bearer_Token_from_AAD":["Succeeded"]},"type":"ParseJson","inputs":{"content":"@body('Get_Bearer_Token_from_AAD')","schema":{"type":"object","properties":{"token_type":{"type":"string"},"expires_in":{"type":"string"},"ext_expires_in":{"type":"string"},"expires_on":{"type":"string"},"not_before":{"type":"string"},"resource":{"type":"string"},"access_token":{"type":"string"}}}}},"Get_Bearer_Token_from_AAD":{"runAfter":{"Calculate_time_till_shutdown":["Succeeded"]},"type":"Http","inputs":{"method":"POST","uri":"https://login.microsoftonline.com/<<<your AAD tenant id>>>/oauth2/token","headers":{"Content-Type":"application/x-www-form-urlencoded"},"body":"grant_type=client_credentials&client_id=<<<your service principal client id>>>&client_secret=<<<your service principal client secret>>>&resource=https://management.azure.com/"}},"Calculate_time_till_shutdown":{"actions":{"Get_start_time":{"runAfter":{"Current_time":["Succeeded"]},"type":"OpenApiConnection","inputs":{"host":{"apiId":"/providers/Microsoft.PowerApps/apis/shared_azuretables","connectionName":"shared_azuretables_1","operationId":"GetEntities"},"parameters":{"tableName":"powerappautomationjobtracker","$filter":"PartitionKey eq '@{triggerBody()['GetstoredpropertiesforSAPSID_FilterQuery']}' and RowKey eq 'stoptime'","$select":"PartitionKey,time"},"authentication":{"value":"@json(decodeBase64(triggerOutputs().headers['X-MS-APIM-Tokens']))['$ConnectionKey']","type":"Raw"}}},"Current_time":{"runAfter":{},"type":"Expression","kind":"CurrentTime","inputs":{}},"Check_system_stop_process":{"actions":{"Set_Time_Left":{"runAfter":{},"type":"SetVariable","inputs":{"name":"timeLeft","value":"@{div(sub(ticks(outputs('Get_start_time')?['body/value']?[0]?['time']),ticks(body('Current_time'))),600000000)}"}},"Avoid_negative":{"actions":{"Set_variable_3":{"runAfter":{},"type":"SetVariable","inputs":{"name":"timeLeft","value":"0"}}},"runAfter":{"Set_Time_Left":["Succeeded"]},"expression":{"less":["@int(variables('timeLeft'))",0]},"type":"If"}},"runAfter":{"Get_start_time":["Succeeded"]},"else":{"actions":{"Default_poweredoff_machine_time_to_0":{"runAfter":{},"type":"SetVariable","inputs":{"name":"timeLeft","value":"0"}}}},"expression":{"greater":["@length(outputs('Get_start_time')?['body/value'])",0]},"type":"If"}},"runAfter":{"Initialize_icf_state_variable":["Succeeded"]},"type":"Scope"},"Do_values_exist":{"actions":{"Notify_about_missing_Table_Storage_setup":{"runAfter":{},"type":"Response","kind":"PowerApp","inputs":{"statusCode":200,"body":{"vm_state":"no value","icf_state":"no value","user":"no value, first run?","time":" no value"},"schema":{"type":"object","properties":{"vm_state":{"title":"vm_state","x-ms-dynamically-added":true,"type":"string"},"icf_state":{"title":"icf_state","x-ms-dynamically-added":true,"type":"string"},"user":{"title":"user","x-ms-dynamically-added":true,"type":"string"},"time":{"title":"time","x-ms-dynamically-added":true,"type":"string"}}}}},"Terminate_2":{"runAfter":{"Notify_about_missing_Table_Storage_setup":["Succeeded"]},"type":"Terminate","inputs":{"runStatus":"Succeeded"}}},"runAfter":{"Get_stored_properties_for_SAP_SID":["Succeeded"]},"expression":{"equals":["@length(outputs('Get_stored_properties_for_SAP_SID')?['body/value'])",0]},"type":"If"}}},"connectionReferences":{"shared_azuretables_1":{"connectionName":"shared-azuretables-33f02f61-7db5-4f99-9a4f-7455-414f596d","source":"Invoker","id":"/providers/Microsoft.PowerApps/apis/shared_azuretables","tier":"NotSpecified"}},"flowFailureAlertSubscribed":false}}