{"name":"4ca5be1f-4c44-4558-a6ef-5d812c7ab906","id":"/providers/Microsoft.Flow/flows/4ca5be1f-4c44-4558-a6ef-5d812c7ab906","type":"Microsoft.Flow/flows","properties":{"apiId":"/providers/Microsoft.PowerApps/apis/shared_logicflows","displayName":"Discover Azure Subscriptions","definition":{"metadata":{"workflowEntityId":null,"flowclientsuspensionreason":"None","flowclientsuspensiontime":null,"creator":{"id":"d8ee58b4-901d-426e-8529-79fb13575fe0","type":"User","tenantId":"72f988bf-86f1-41af-91ab-2d7cd011db47"},"provisioningMethod":"FromDefinition","failureAlertSubscription":true,"clientLastModifiedTime":"2020-12-09T08:14:22.4853051Z"},"$schema":"https://schema.management.azure.com/providers/Microsoft.Logic/schemas/2016-06-01/workflowdefinition.json#","contentVersion":"1.0.0.0","parameters":{"$connections":{"defaultValue":{},"type":"Object"},"$authentication":{"defaultValue":{},"type":"SecureObject"}},"triggers":{"manual":{"type":"Request","kind":"PowerApp","inputs":{"schema":{"type":"object","properties":{},"required":[]}}}},"actions":{"List_subscriptions":{"runAfter":{"Initialize_Response":["Succeeded"]},"type":"OpenApiConnection","inputs":{"host":{"apiId":"/providers/Microsoft.PowerApps/apis/shared_arm","connectionName":"shared_arm","operationId":"Subscriptions_List"},"parameters":{},"authentication":{"value":"@json(decodeBase64(triggerOutputs().headers['X-MS-APIM-Tokens']))['$ConnectionKey']","type":"Raw"}}},"Initialize_variable":{"runAfter":{},"type":"InitializeVariable","inputs":{"variables":[{"name":"Subscriptions","type":"string"}]}},"Apply_to_each":{"foreach":"@outputs('List_subscriptions')?['body/value']","actions":{"Append_to_string_variable":{"runAfter":{},"type":"AppendToStringVariable","inputs":{"name":"Subscriptions","value":"@{items('Apply_to_each')?['displayName']}::@{items('Apply_to_each')?['subscriptionId']}%%%"}}},"runAfter":{"List_subscriptions":["Succeeded"]},"type":"Foreach"},"Respond_to_a_PowerApp_or_flow":{"runAfter":{"Cut_last_placeholder":["Succeeded"]},"type":"Response","kind":"PowerApp","inputs":{"statusCode":200,"body":{"subscr":"@variables('result')"},"schema":{"type":"object","properties":{"subscr":{"title":"subscr","x-ms-dynamically-added":true,"type":"string"}}}}},"Cut_last_placeholder":{"runAfter":{"Apply_to_each":["Succeeded"]},"type":"SetVariable","inputs":{"name":"result","value":"@{substring(variables('Subscriptions'),0,sub(length(variables('Subscriptions')),3))}"}},"Initialize_Response":{"runAfter":{"Initialize_variable":["Succeeded"]},"type":"InitializeVariable","inputs":{"variables":[{"name":"result","type":"string"}]}}}},"connectionReferences":{"shared_arm":{"connectionName":"shared-arm-fb6462aa-26ba-4a41-94a4-fa81-a8de6f94","source":"Invoker","id":"/providers/Microsoft.PowerApps/apis/shared_arm","tier":"NotSpecified"}},"flowFailureAlertSubscribed":false}}